brand,ean,mpn,sku,product_name,price,url,stock,category
Sharp,4974019204468,DR-P530(GY),DR-P530(GY),Tragbares DAB+ Digitalradio – Bluetooth Radio mit 15h Akku & BestTune,69.99,https://shop.sharpconsumer.de/products/tragbares-dab-digitalradio-bluetooth-radio-mit-15h-akku-besttune,1,Electronics
Sharp,4974019204475,DR-P540(GY),DR-P540(GY),Tragbares DAB+ Stereo Digitalradio – Bluetooth Radio mit Akku & BestTune,79.99,https://shop.sharpconsumer.de/products/tragbares-dab-stereo-digitalradio-bluetooth-radio-mit-akku-besttune,1,Electronics
Sharp,4974019204437,DR-P420(GN),DR-P420(GN),Tragbares DAB+/FM Digitalradio – mit Bluetooth 5.3 & Dual-Alarm,44.99,https://shop.sharpconsumer.de/products/tragbares-dab-fm-digitalradio-mit-bluetooth-5-3-dual-alarm-kopie-2,1,Electronics
Sharp,4974019204420,DR-P420(BL),DR-P420(BL),Tragbares DAB+/FM Digitalradio – mit Bluetooth 5.3 & Dual-Alarm,44.99,https://shop.sharpconsumer.de/products/tragbares-dab-fm-digitalradio-mit-bluetooth-5-3-dual-alarm-kopie-1,0,Electronics
Sharp,4974019204529,DR-P420(PK),DR-P420(PK),Tragbares DAB+/FM Digitalradio – mit Bluetooth 5.3 & Dual-Alarm,44.99,https://shop.sharpconsumer.de/products/tragbares-dab-fm-digitalradio-mit-bluetooth-5-3-dual-alarm,0,Electronics
Sharp,4974019204567,DR-P420(WH),DR-P420(WH),Tragbares DAB+/FM Digitalradio – mit Bluetooth 5.3 & Dual-Alarm,44.99,https://shop.sharpconsumer.de/products/tragbares-dab-fm-digitalradio-mit-bluetooth-5-3-dual-alarm-kopie,1,Electronics
Sharp,4974019106045,DR-450(GR),DR-450(GR),DAB+ Digitalradio – kompaktes Holzradio mit Bluetooth & Weckerfunktion,69.99,https://shop.sharpconsumer.de/products/dab-digitalradio-kompaktes-holzradio-mit-bluetooth-weckerfunktion-kopie,1,Electronics
Sharp,5905683273824,FD06EN,FD06EN,Faltbares Elektro Fatbike – Urban E-Bike mit 250W Motor & 40km Reichweite,1099.00,https://shop.sharpconsumer.de/products/faltbares-elektro-fatbike-urban-e-bike-mit-250w-motor-40km-reichweite,0,Electronics
Sharp,5905683275071,75JP7265E,75JP7265E,75 Zoll 4K Ultra HD Google TV – QLED Fernseher mit Dolby Vision™ & Dolby Atmos®,999.00,https://shop.sharpconsumer.de/products/sharp-75-miniled-google-tv-75jp7265e,0,TV
Sharp,5905683274401,50JP7265E,50JP7265E,50 Zoll 4K Ultra HD Google TV – QLED Fernseher mit Dolby Vision™ & Dolby Atmos®,449.00,https://shop.sharpconsumer.de/products/sharp-50-miniled-google-tv-50jp7265e,0,TV
Sharp,5905683274418,55JP7265E,55JP7265E,55 Zoll 4K Ultra HD Google TV – QLED Fernseher mit Dolby Vision™ & Dolby Atmos®,469.00,https://shop.sharpconsumer.de/products/sharp-55-miniled-google-tv-55jp7265e,0,TV
Sharp,5905683274425,65JP7265E,65JP7265E,"65 Zoll 4K Ultra HD Google TV – QLED Fernseher mit Dolby Vision™, Dolby Atmos® & HDMI 2.1",699.00,https://shop.sharpconsumer.de/products/sharp-65-miniled-google-tv-65jp7265e,0,TV
Sharp,4974019216539,CPLSBP1,CPLSBP1,SHARP CP-LSBP1 - Wiederaufladbarer Akku für SumoBox (Batteriepack & Ladegerät),79.99,https://shop.sharpconsumer.de/products/sharp-cp-lsbp1,1,Zubehör
Sharp,5905683276535,43GD2225E.HT-SB700,43GD2225E.HT-SB700,Sharp Heimkino-Bundle: 43 Zoll Full HD Roku TV & Dolby Atmos® Soundbar,319.00,https://shop.sharpconsumer.de/products/sharp-heimkino-bundle-43-zoll-full-hd-roku-tv-dolby-atmos®-soundbar,1,Electronics
Sharp,5905683276528,40GD2225E.HT-SB700,40GD2225E.HT-SB700,Sharp Heimkino-Bundle: 40 Zoll Full HD Roku TV & Dolby Atmos® Soundbar,299.00,https://shop.sharpconsumer.de/products/32gd2225e-ht-sb700-bundle-32-zoll-smart-tv-roku-tv-plus-dolby-atmos-soundbar-kopie,1,Electronics
Sharp,5905683276511,32GD2225E.HT-SB700,32GD2225E.HT-SB700,Sharp Heimkino-Bundle: 32 Zoll Roku TV & Dolby Atmos® Soundbar,249.00,https://shop.sharpconsumer.de/products/32gd2225e-ht-sb700-bundle-32-zoll-smart-tv-roku-tv-plus-dolby-atmos-soundbar,1,Electronics
Sharp,5903802468281,AN2303-2024-GTV-S,AN2303-2024-GTV-S,Solarfernbedienung SunRemo für Google TV – batteriefrei mit Sprachsteuerung & Mikrofon,39.99,https://shop.sharpconsumer.de/products/sharp-an2303-2024-gtv-s,1,Electronics
Sharp,4550556175074,HT-SB304,HT-SB304,"2.0 Dolby Atmos® Soundbar – mit HDMI eARC/CEC, Bluetooth 5.3 & USB-Playback (180 W)",99.99,https://shop.sharpconsumer.de/products/sharp-ht-sb304,1,Electronics
Sharp,4550556175050,HT-SB145,HT-SB145,"2.0 Soundbar – mit HDMI ARC/CEC, Bluetooth 5.3 & USB-Musikstreaming (150 W)",89.99,https://shop.sharpconsumer.de/products/sharp-ht-sb145,0,Electronics
Sharp,4550556175005,HT-SB121,HT-SB121,"2.0 Soundbar – kompakt mit HDMI ARC/CEC, Bluetooth 5.3 & USB-Musikstreaming",79.99,https://shop.sharpconsumer.de/products/sharp-ht-sb121,0,Electronics
Sharp,4550556175029,HT-SBW121,HT-SBW121,2.1 Soundbar – kompakt mit kabellosem Subwoofer & Bluetooth 5.3 Musikstreaming,119.00,https://shop.sharpconsumer.de/products/sharp-ht-sbw121,1,Electronics
Sharp,4550556175098,HT-SBW320,HT-SBW320,2.1 Dolby Atmos® Soundbar – ultraflach mit kabellosem Subwoofer & Bluetooth 5.3,199.00,https://shop.sharpconsumer.de/products/sharp-ht-sbw320,0,Electronics
Sharp,4550556175104,HT-SBW310,HT-SBW310,2.1 Dolby Atmos® Soundbar – mit kabellosem Subwoofer & Bluetooth 5.3 Musikstreaming,179.00,https://shop.sharpconsumer.de/products/sharp-ht-sbw310,0,Electronics
Sharp,4550556130929,RP-TT100,RP-TT100,Automatischer Bluetooth-Plattenspieler – mit Audio Technica® Tonabnehmer & USB-Aufnahme,199.00,https://shop.sharpconsumer.de/products/sharp-rp-tt100,1,Electronics
Sharp,5905683274395,70HP5265E,70HP5265E,"70 Zoll 4K Ultra HD QLED Google TV – Smart Fernseher mit Dolby Vision™, Dolby Atmos® & HDMI 2.1",799.00,https://shop.sharpconsumer.de/products/sharp-70hp5265e,1,Electronics
Sharp,5905683272827,40HF2265E,40HF2265E,"40 Zoll Full HD Google TV – Smart Fernseher mit HDR10, Bluetooth & Google Assistant",249.00,https://shop.sharpconsumer.de/products/sharp-40hf2265e,0,Electronics
Sharp,5905683272889,55HL4265E,55HL4265E,"55 Zoll 4K Ultra HD Google TV – Smart Fernseher mit Dolby Vision™, Dolby Atmos® & HDMI 2.1",449.00,https://shop.sharpconsumer.de/products/sharp-55hl4265e,1,Electronics
Sharp,5905683273411,40HF3265E,40HF3265E,"40 Zoll Full HD QLED Google TV – Smart Fernseher mit HDR10, Bluetooth & Google Assistant",249.00,https://shop.sharpconsumer.de/products/sharp-40hf3265e,0,Electronics
Sharp,5905683272896,55HP5265E,55HP5265E,"55 Zoll 4K Ultra HD QLED Google TV – Smart Fernseher mit Dolby Vision™, Dolby Atmos® & HDMI 2.1",449.00,https://shop.sharpconsumer.de/products/sharp-55hp5265e,0,Electronics
Sharp,5905683273015,55HM5245E,55HM5245E,"55 Zoll 4K Ultra HD QLED TiVo Smart TV – rahmenloser Fernseher mit Dolby Vision™, Dolby Atmos® & HDMI 2.1",449.00,https://shop.sharpconsumer.de/products/sharp-55hm5245e,1,Electronics
Sharp,5905683272926,43HR7265E,43HR7265E,"43 Zoll 4K Ultra HD QLED Google TV – Smart Fernseher mit Dolby Vision IQ™, Dolby Atmos® & 144 Hz",419.00,https://shop.sharpconsumer.de/products/sharp-43hr7265e,0,Electronics
Sharp,5905683272919,65HP5265E,65HP5265E,"65 Zoll 4K Ultra HD QLED Google TV – Smart Fernseher mit Dolby Vision™, Dolby Atmos® & HDMI 2.1",699.00,https://shop.sharpconsumer.de/products/sharp-65hp5265e,1,Electronics
Sharp,5905683272957,65HR7265E,65HR7265E,"65 Zoll 4K Ultra HD QLED Google TV – Smart Fernseher mit Dolby Vision IQ™, Dolby Atmos® & 144 Hz",799.00,https://shop.sharpconsumer.de/products/sharp-65hr7265e,1,Electronics
Sharp,5905683272865,50HP5265E,50HP5265E,"50 Zoll 4K Ultra HD QLED Google TV – Smart Fernseher mit Dolby Vision™, Dolby Atmos® & HDMI 2.1",399.00,https://shop.sharpconsumer.de/products/sharp-50hp5265e,0,Electronics
Sharp,5905683273008,50HM5245E,50HM5245E,"50 Zoll 4K Ultra HD QLED TiVo Smart TV – rahmenloser Fernseher mit Dolby Vision™, Dolby Atmos® & HDMI 2.1",399.00,https://shop.sharpconsumer.de/products/sharp-50hm5245e,1,Electronics
Sharp,5905683272841,43HP5265E,43HP5265E,"43 Zoll 4K Ultra HD QLED Google TV – Smart Fernseher mit Dolby Vision™, Dolby Atmos® & HDMI 2.1",399.00,https://shop.sharpconsumer.de/products/sharp-43hp5265e,0,Electronics
Sharp,5905683272773,32HF2265E,32HF2265E,"32 Zoll HD Google TV – Smart Fernseher mit HDR10, Bluetooth & Google Assistant",179.00,https://shop.sharpconsumer.de/products/sharp-32hf2265e,1,Electronics
Sharp,5905683272940,55HR7265E,55HR7265E,"55 Zoll 4K Ultra HD QLED Google TV – Smart Fernseher mit Dolby Vision IQ™, Dolby Atmos® & 144 Hz",599.00,https://shop.sharpconsumer.de/products/sharp-55hr7265e,0,Electronics
Sharp,5905683272858,50HL4265E,50HL4265E,"50 Zoll 4K Ultra HD Google TV – Smart Fernseher mit Dolby Vision™, Dolby Atmos® & HDMI 2.1",599.00,https://shop.sharpconsumer.de/products/sharp-50hl4265e,0,Electronics
Sharp,5905683272995,43HM5245E,43HM5245E,"43 Zoll 4K Ultra HD QLED TiVo Smart TV – rahmenloser Fernseher mit Dolby Vision™, Dolby Atmos® & HDMI 2.1",399.00,https://shop.sharpconsumer.de/products/sharp-43hm5245e,0,Electronics
Sharp,5905683272933,50HR7265E,50HR7265E,"50 Zoll 4K Ultra HD QLED Google TV – Smart Fernseher mit Dolby Vision IQ™, Dolby Atmos® & 144 Hz",499.00,https://shop.sharpconsumer.de/products/sharp-50hr7265e,0,Electronics
Sharp,5905683273077,40HE2245E,40HE2245E,"40 Zoll Full HD TiVo Smart TV – rahmenloser LED-Fernseher mit HDR10, AV1 & WLAN",239.00,https://shop.sharpconsumer.de/products/sharp-40he2245e,0,Electronics
Sharp,5905683272766,32HE2245E,32HE2245E,"32 Zoll HD TiVo Smart TV – rahmenloser LED-Fernseher mit HDR10, AV1 & WLAN",159.00,https://shop.sharpconsumer.de/products/sharp-32he2245e,0,Electronics
Sharp,5905683272834,43HL4265E,43HL4265E,"43 Zoll 4K Ultra HD Google TV – Smart Fernseher mit Dolby Vision™, Dolby Atmos® & HDMI 2.1",319.00,https://shop.sharpconsumer.de/products/sharp-43hl4265e,1,Electronics
Sharp,5905683273503,32HF3265E,32HF3265E,"32 Zoll HD QLED Google TV – Smart Fernseher mit HDR10, Bluetooth & Google Assistant",179.00,https://shop.sharpconsumer.de/products/sharp-32hf3265e,1,Electronics
Sharp,5905683272797,32HF2265EW,32HF2265EW,"32 Zoll HD Google TV – Smart Fernseher mit HDR10, Bluetooth & Google Assistant",189.00,https://shop.sharpconsumer.de/products/sharp-32hf2265ew,1,Electronics
Sharp,4550556112284,HT-SPR52021SL,HT-SPR52021SL,2.0.2 Kabellose Rear-Surround Lautsprecher – 200W Leistung mit Dolby Atmos® & DTS:X® - silber,199.00,https://shop.sharpconsumer.de/products/2-0-2-kabellose-rear-surround-lautsprecher-200w-leistung-mit-dolby-atmos®-dts-x®-kopie,1,Electronics
Sharp,4550556112246,HT-SBW53121SL,HT-SBW53121SL,3.1.2 Dolby Atmos Soundbar – stilvoller Heimkino-Sound mit 550W & kabellosem Subwoofer - silber,339.00,https://shop.sharpconsumer.de/products/3-1-2-dolby-atmos-soundbar-stilvoller-heimkino-sound-mit-550w-kabellosem-subwoofer-kopie,1,Electronics
Sharp,4550556112260,HT-SBW55121SL,HT-SBW55121SL,5.1.2 Dolby Atmos Soundbar – stilvoller Heimkino-Sound mit 650W & kabellosem Subwoofer,429.00,https://shop.sharpconsumer.de/products/5-1-2-dolby-atmos-soundbar-stilvoller-heimkino-sound-mit-650w-kabellosem-subwoofer-silber,1,Electronics
Sharp,4550556116107,HT-SB700,HT-SB700,2.0.2 Dolby Atmos Soundbar – 140W Kompakt-Soundbar mit HDMI eARC & Bluetooth 5.3,89.99,https://shop.sharpconsumer.de/products/ht-sb700-dolby-atmos-soundbar-2-0-2-mit-bluetooth-5-3-hdmi-earc-140w-spitzenleistung-nachtmodus,1,Electronics
Sharp,4550556137225,PS-931,PS-931,"Tragbarer Party-Lautsprecher – 180W mit Bluetooth, Disco-Lichtern & Mikrofon",129.00,https://shop.sharpconsumer.de/products/ps-931-party-lautsprecher-180w-mit-bluetooth-5-3-mikrofon-disco-lichtern-karaoke-funktion-super-bass,1,Electronics
Sharp,4974019216577,CP-SS30 (BK),CP-SS30 (BK),"Aktive 2-Wege-Regallautsprecher – 60W RMS, Bluetooth 5.0 & Holzgehäuse",99.99,https://shop.sharpconsumer.de/products/cp-ss30bk-regallautsprecher-60w-rms-2-wege-aktivboxen-mit-bluetooth-5-0-usb-aux-optischer-eingang,1,Electronics
Sharp,4974019975863,DR-450(BK),DR-450(BK),DAB+ Digitalradio – kompaktes Holzradio mit Bluetooth & Weckerfunktion,69.99,https://shop.sharpconsumer.de/products/dr-450bk-digitalradio-mit-dab-fm-bluetooth-20-senderspeicher-lcd-display-mit-dimmer-weckerfunktion,0,Electronics
Sharp,4974019204413,DR-P420 (BK),DR-P420 (BK),Tragbares DAB+/FM Digitalradio – mit Bluetooth 5.3 & Dual-Alarm,44.99,https://shop.sharpconsumer.de/products/dr-p420bk-tragbares-digitalradio-mit-dab-fm-bluetooth-20-senderspeicher-usb-oder-batteriebetrieb,1,Electronics
Sharp,4974019204536,DR-430 (BK),DR-430 (BK),Digitalradio TOKYO – DAB+/FM mit Bluetooth 5.0 & Dual-Alarm,59.99,https://shop.sharpconsumer.de/products/dr-430bk-digitalradio-mit-dab-fm-bluetooth-20-senderspeicher-5-watt-lautsprecher-kopfhoreranschluss,1,Electronics
Sharp,5905683270779,50GJ4225E,50GJ4225E,50 Zoll 4K Roku Smart TV – rahmenloser Fernseher mit HDR10 & Dolby Vision,299.00,https://shop.sharpconsumer.de/products/50gj4225e-50-zoll-fernseher-126-cm-4k-ultra-hd-roku-tv-streaming-led-smart-tv-hdr10-hdmi-receiver-wlan,1,Electronics
Sharp,5905683270793,55GJ4225E,55GJ4225E,55 Zoll 4K Roku Smart TV – rahmenloser Fernseher mit HDR10 & Dolby Vision,349.00,https://shop.sharpconsumer.de/products/55gj4225e-55-zoll-fernseher-139-cm-4k-ultra-hd-roku-tv-streaming-led-smart-tv-hdr10-hdmi-receiver-wlan,1,Electronics
Sharp,5903802469936,43FH2EA,43FH2EA,43 Zoll Full HD Android TV – rahmenloser Fernseher mit Google Assistant & Chromecast,299.00,https://shop.sharpconsumer.de/products/43fh2ea-43-zoll-fernseher-108-cm-full-hd-android-tv-led-smart-tv-hdmi-receiver-chromecast-bluetooth,0,Electronics
Sharp,5905683271844,40GF2265E,40GF2265E,40 Zoll Full HD Google TV – rahmenloser Fernseher mit HDR10 & Chromecast,269.00,https://shop.sharpconsumer.de/products/40gf2265e-40-zoll-fernseher-101-cm-full-hd-google-tv-led-smart-tv-hdmi-arc-hdr10-receiver-bluetooth,0,Electronics
Sharp,5903802465969,32FA2E,32FA2E,32 Zoll HD Ready LED TV – kompakter Fernseher mit Triple Tuner & USB-Media-Player,169.00,https://shop.sharpconsumer.de/products/32fa2e-32-zoll-fernseher-80-cm-hd-ready-tv-ohne-internet-led-non-smart-tv-hdmi-arc-usb-inkl-receiver,0,Electronics
Sharp,5903802469899,32FH2EA,32FH2EA,32 Zoll HD Ready Android TV – rahmenloser Fernseher mit Google Assistant & Chromecast,199.00,https://shop.sharpconsumer.de/products/32fh2ea-32-zoll-fernseher-80-cm-hd-ready-android-tv-led-smart-tv-hdmi-receiver-chromecast-bluetooth,1,Electronics
Sharp,5905683271691,32GF2265E,32GF2265E,32 Zoll HD Ready Google TV – kompakter Fernseher mit Google Assistant & Chromecast,159.00,https://shop.sharpconsumer.de/products/32gf2265e-32-zoll-fernseher-80-cm-hd-ready-google-tv-led-smart-tv-hdmi-arc-hdr10-receiver-bluetooth,1,Electronics
Sharp,5903802465945,24FA2E,24FA2E,24 Zoll HD Ready TV – kompakter LED-Fernseher mit Triple-Tuner & USB-Media,129.00,https://shop.sharpconsumer.de/products/24fa2e-24-zoll-fernseher-60-cm-hd-ready-tv-ohne-internet-led-non-smart-tv-hdmi-arc-usb-inkl-receiver,0,Electronics
Sharp,4550556112277,HT-SPR52021BK,HT-SPR52021BK,2.0.2 Kabellose Rear-Surround Lautsprecher – 200W Leistung mit Dolby Atmos® & DTS:X®,219.00,https://shop.sharpconsumer.de/products/sharp-ht-spr52021bk-q-surround-lautsprecher-2-0-2-200w,1,Electronics
Sharp,5903802469875,24FH2EA,24FH2EA,24 Zoll HD Ready Android TV – rahmenloser Fernseher mit Google Assistant & Chromecast,159.00,https://shop.sharpconsumer.de/products/24fh2ea-24-zoll-fernseher-60-cm-hd-ready-android-tv-led-smart-tv-hdmi-receiver-chromecast-bluetooth,1,Electronics
Sharp,4974019204451,DR-P520 (GY),DR-P520 (GY),OSAKA Pocket DAB+/FM Digitalradio – ultrakompakt mit Bluetooth 5.3 & Akku,69.99,https://shop.sharpconsumer.de/products/dr-p520gy-osaka-digitalradio-tragbar-dab-fm-bluetooth-5-3-usb-akku-2-farb-display-kopfhoreranschluss-grau,1,Electronics
Sharp,4550556112239,HT-SBW53121BK,HT-SBW53121BK,3.1.2 Dolby Atmos Soundbar – stilvoller Heimkino-Sound mit 550W & kabellosem Subwoofer,379.00,https://shop.sharpconsumer.de/products/sharp-ht-sbw53121bk-q-soundbar-3-1-2-dolby-atmos-550w,0,Electronics
Sharp,4550556112253,HT-SBW55121BK,HT-SBW55121BK,5.1.2 Dolby Atmos Soundbar – stilvoller Heimkino-Sound mit 650W & kabellosem Subwoofer,449.00,https://shop.sharpconsumer.de/products/sharp-ht-sbw55121bk-soundbar-5-1-2-dolby-atmos-650w,1,Electronics
Sharp,5905683270755,43GJ4225E,43GJ4225E,43 Zoll 4K Roku Smart TV – rahmenloser Fernseher mit HDR10 & Dolby Vision,229.00,https://shop.sharpconsumer.de/products/43gj4225e-43-zoll-fernseher-108-cm-4k-ultra-hd-roku-tv-gaming-streaming-led-smart-tv-ohne-rahmen-hdr10-hdmi-2-1-av1-codec-receiver-wlan-netflix-prime-youtube-disney-apple-tv,1,Electronics
Sharp,5905683270731,43GD2225E,43GD2225E,43 Zoll Full HD Roku Smart TV – rahmenloser Fernseher mit HDR10 & AV1-Codec,219.00,https://shop.sharpconsumer.de/products/43gd2225e-43-zoll-fernseher-108-cm-full-hd-roku-tv-multimedia-streaming-led-smart-tv-ohne-rahmen-hdr10-av1-codec-3-hdmi-receiver-wlan-netflix-prime-disney-apple-tv,1,Electronics
Sharp,4974019216553,CP-LS100,CP-LS100,"SumoBox tragbarer Bluetooth-Lautsprecher – 120W RMS, 10h Akku & kabelloser Duo-Modus",299.00,https://shop.sharpconsumer.de/products/cp-ls100-sumobox-tragbarer-party-lautsprecher-bluetooth-120w-rms-105-db-akku-10h-xlr-trs-equalizer-indoor-outdoor-tws-holzgehause-devialet-sam®-app-steuerung,0,Electronics
Sharp,4974019216546,CP-LS200,CP-LS200,"SumoBox Pro tragbarer Bluetooth-Lautsprecher – 200W RMS, 8h Akku & spritzwassergeschützt (IPX4)",399.00,https://shop.sharpconsumer.de/products/cp-ls200-sumobox-pro-tragbarer-party-lautsprecher-bluetooth-5-0-200w-rms-108-db-ipx4-akku-8h-xlr-trs-equalizer-tws-holzgehause-devialet-sam®-app-steuerung,1,Electronics
Sharp,5905683270830,43GP6265E,43GP6265E,43 Zoll 4K QLED Google TV – rahmenloser Fernseher mit Dolby Vision & Atmos,359.00,https://shop.sharpconsumer.de/products/43gp6265e-43-zoll-fernseher-108-cm-4k-ultra-hd-google-tv-gaming-streaming-qled-tv-ohne-rahmen-dolby-vision-atmos-hdmi-2-1-mit-earc-chromecast-sprachsteuerung-harman-kardon-sound,0,Electronics
Sharp,5905683270847,50GP6265E,50GP6265E,50 Zoll 4K QLED Google TV – rahmenloser Fernseher mit Dolby Vision & Atmos,439.00,https://shop.sharpconsumer.de/products/50gp6265e-50-zoll-fernseher-126-cm-4k-ultra-hd-google-tv-gaming-streaming-qled-tv-ohne-rahmen-dolby-vision-atmos-hdmi-2-1-mit-earc-chromecast-sprachsteuerung-harman-kardon-sound,0,Electronics
Sharp,5905683273718,DM02EB,DM02EB,"City E-Bike mit tiefem Einstieg – 36V 250W Motor, 60 km Reichweite & 7.8Ah Akku",1199.00,https://shop.sharpconsumer.de/products/dm02eb-city-e-bike-fur-damen-elegantes-28-zoll-hollandrad-250w-motor-20-zoll-rahmen-tiefeinsteiger-7-8ah-akku-shimano-6-gang-scheibenbremsen-25km-h-bis-60km-reichweite-schwarz,0,Electronics
Sharp,5905683273749,ED05EW,ED05EW,"Hybrid City E-Bike mit tiefem Einstieg – 250W Motor, 80 km Reichweite & 12.8Ah Akku",1199.00,https://shop.sharpconsumer.de/products/ed05ew-city-e-bike-fur-damen-elegantes-28-zoll-tiefeinsteiger-pedelec-250-w-motor-18-5-zoll-rahmen-12-8ah-akku-shimano-7-gang-scheibenbremsen-25km-h-bis-80km-reichweite-weiss,1,Electronics
Sharp,5905683273671,BD03EBL,BD03EBL,"Faltbares E-Bike 20"" mit 7-Gang – 250W Motor, 40 km Reichweite & 10.4Ah Akku",999.00,https://shop.sharpconsumer.de/products/bd03ebl-faltbares-e-bike-20-zoll-klapprad-fur-camping-pendler-250w-motor-tiefeinsteiger-10-4-ah-batterie-shimano-7-gang-scheibenbremsen-25km-h-bis-zu-40km-reichweite-blau,1,Electronics
Sharp,5905683272674,FS08EGG,FS08EGG,"Faltbares E-Fatbike – 20"" Elektro-Fahrrad mit 250W Motor & 52 km Reichweite",1399.00,https://shop.sharpconsumer.de/products/fs08egg-faltbares-e-fatbike-20-zoll-klapprad-fur-camping-pendler-250w-motor-10-2ah-batterie-shimano-7-gang-scheibenbremsen-25-km-h-bis-zu-52-km-reichweite-lcd-display-olivgrun,0,Electronics
Sharp,5905683273664,FD03EB,FD03EB,"Faltbares 20"" E-Bike – Elektro-Fahrrad mit 250W Motor & 40 km Reichweite",999.00,https://shop.sharpconsumer.de/products/fd03eb-faltbares-e-bike-20-zoll-aluminium-klapprad-mit-250w-ruckradmotor-shimano-6-gang-abnehmbarem-7-5ah-akku-federung-vorne-led-display-bis-40-km-reichweite,1,Electronics
Sharp,5905683271356,40GD2225E,40GD2225E,40 Zoll Full HD Roku Smart TV – rahmenloser Fernseher mit HDR10 & HLG,199.00,https://shop.sharpconsumer.de/products/40gd2225e-40-zoll-fernseher-101-cm-full-hd-roku-tv-multimedia-streaming-led-smart-tv-ohne-rahmen-hdr10-av1-codec-3-hdmi-receiver-wlan-netflix-prime-disney-apple-tv,1,Electronics
Sharp,5903802469912,40FH2EA,40FH2EA,40 Zoll Full HD Android TV – rahmenloser Fernseher mit HDR & Chromecast,269.00,https://shop.sharpconsumer.de/products/40fh2ea-40-zoll-fernseher-101-cm-hd-ready-android-tv-gaming-streaming-led-smart-tv-ohne-rahmen-hdmi-receiver-chromecast-bluetooth-netflix-prime-youtube-disney-apple-tv,0,Electronics
Sharp,4974019216584,CP-SS30 (BR),CP-SS30 (BR),"Aktive 2-Wege-Regallautsprecher – 60W RMS, Bluetooth 5.0 & Holzgehäuse",99.99,https://shop.sharpconsumer.de/products/cp-ss30br-regallautsprecher-60w-rms-2-wege-aktivboxen-mit-bluetooth-5-0-holzgehause-usb-rca-aux-optischer-eingang-abnehmbare-gitter-5-equalizer-modi,1,Electronics
Sharp,4974019204482,PS-949,PS-949,"XParty® Street Beat Party Lautsprecher – 200W, 12h Akku & LED-Lichteffekte",199.00,https://shop.sharpconsumer.de/products/ps-949-fahrbarer-party-lautsprecher-132w-mit-bluetooth-disco-lichtern-dj-effekten-spritzwassergeschutzt-ipx4-duo-mode-mikrofon-gitarren-eingange-usb-wiedergabe-12-std-akku,1,Electronics
Sharp,4974019204505,XL-B720D(BK),XL-B720D(BK),"All-in-One Hi-Fi-System – CD-Player, DAB+/FM-Radio & Bluetooth 5.0",129.00,https://shop.sharpconsumer.de/products/xl-b720d-kompaktanlage-mit-dab-fm-bluetooth-5-0-cd-player-usb-wiedergabe-60w-lautsprecher-dynamic-range-control-all-in-one-hi-fi-system,0,Electronics
Sharp,4974019204499,XL-B520D(BK),XL-B520D(BK),"Hi-Fi Microsystem – CD-Player, DAB+/FM-Radio & Bluetooth 5.0",119.00,https://shop.sharpconsumer.de/products/xl-b520d-hi-fi-microsystem-mit-dab-fm-bluetooth-5-0-cd-player-usb-wiedergabe-2-wege-holzlautsprecher-40w-spitzenleistung-doppelwecker,1,Electronics
Sharp,5905683270915,55GR8265E,55GR8265E,"55 Zoll 4K QLED Google TV – rahmenloser Fernseher mit 144Hz, Dolby Vision IQ & Atmos",549.00,https://shop.sharpconsumer.de/products/55gr8265e-55-zoll-fernseher-4k-ultra-hd-qled-google-tv-144hz-dolby-vision-iq-dolby-atmos-solar-fernbedienung-hdmi-2-1-earc-vrr-allm-perfekt-fur-filme-streaming-gaming,1,Electronics
Sharp,5905683270908,50GR8265E,50GR8265E,"50 Zoll 4K QLED Google TV – rahmenloser Fernseher mit 144Hz, Dolby Vision IQ & Atmos",599.00,https://shop.sharpconsumer.de/products/50gr8265e-50-zoll-fernseher-4k-ultra-hd-qled-google-tv-144hz-dolby-vision-iq-dolby-atmos-solar-fernbedienung-hdmi-2-1-earc-vrr-allm-perfekt-fur-filme-streaming-gaming,0,Electronics
Sharp,5905683270892,43GR8265E,43GR8265E,"43 Zoll 4K QLED Google TV – rahmenloser Fernseher mit 144Hz, Dolby Vision IQ & Atmos",549.00,https://shop.sharpconsumer.de/products/43gr8265e-43-zoll-fernseher-4k-ultra-hd-qled-google-tv-144hz-dolby-vision-iq-dolby-atmos-solar-fernbedienung-hdmi-2-1-earc-vrr-allm-perfekt-fur-filme-streaming-gaming,0,Electronics
Sharp,4974019952628,HT-SBW110,HT-SBW110,2.1 Slim Soundbar – 180W mit externem Subwoofer & Bluetooth,99.00,https://shop.sharpconsumer.de/products/ht-sbw110-2-1-slim-soundbar-system-180w-leistung-externer-subwoofer-hdmi-arc-cec-bluetooth-4-2-ideal-fur-tvs-ab-32-zoll,0,Electronics
Sharp,4974019958989,HT-SB140MT,HT-SB140MT,2.0 Slim Soundbar – 150W mit Bluetooth & HDMI ARC,79.99,https://shop.sharpconsumer.de/products/ht-sb140mt-2-0-slim-soundbar-150w-leistung-hdmi-arc-cec-bluetooth-4-2-digitaler-optischer-eingang-ideal-fur-tvs-ab-40-zoll,0,Electronics
Sharp,5905683270151,43GL4260E,43GL4260E,43 Zoll 4K Google TV – rahmenloser Fernseher mit Dolby Vision & Atmos,369.00,https://shop.sharpconsumer.de/products/43gl4260e-43-zoll-fernseher-4k-ultra-hd-led-google-tv-rahmenloses-design-dolby-vision-dolby-atmos-hdmi-2-1-earc-google-assistant-chromecast,1,Electronics
Sharp,4550556130912,PS-921 BK,PS-921 BK,2.1 Partylautsprecher – tragbarer Bluetooth-Speaker mit 130W & Disco-Lichtern,95.00,https://shop.sharpconsumer.de/products/ps-921bk-2-1-bluetooth-party-lautsprecher-mit-disco-lichtern-130w-spitzenleistung-spritzwassergeschutzt-tragbar-wiederaufladbar-ideal-fur-outdoor-strand-pool-partys,1,Electronics
Sharp,4974019192413,XL-B517D (BR),XL-B517D (BR),"Hi-Fi Mikro-System – 45W Kompaktanlage mit DAB+, Bluetooth & CD-Player",119.00,https://shop.sharpconsumer.de/products/xl-b517dbr-hi-fi-kompaktanlage-mit-dab-fm-bluetooth-5-0-cd-player-usb-wiedergabe-holzlautsprecher-60-senderspeicher-equalizer,1,Electronics
Sharp,4974019160474,XL-B517D (BK),XL-B517D (BK),"Hi-Fi Mikro-System – 45W Kompaktanlage mit DAB+, Bluetooth & CD-Player",119.00,https://shop.sharpconsumer.de/products/xl-b517dbk-hi-fi-kompaktanlage-mit-dab-fm-bluetooth-5-0-cd-player-usb-wiedergabe-holzlautsprecher-60-senderspeicher-equalizer,1,Electronics
Sharp,4974019975887,DR-450 (BR),DR-450 (BR),DAB+ Digitalradio – kompaktes Holzradio mit Bluetooth & Weckerfunktion,69.99,https://shop.sharpconsumer.de/products/dr-450br-digitalradio-mit-dab-fm-bluetooth-4-2-20-senderspeicher-schwarzes-holzgehause-mit-edelstahl-front-lcd-display-mit-dimmer-weckerfunktion-mit-snooze-kompakt-energiesparend,1,Electronics
Sharp,4974019216522,HT-SB100,HT-SB100,"2.0 Soundbar – kompakte TV-Soundbar mit 75W, HDMI ARC & Bluetooth 5.1",59.99,https://shop.sharpconsumer.de/products/ht-sb100-2-0-soundbar-mit-hdmi-arc-bluetooth-75w-stereo-lautsprecher-usb-wandmontage-tischaufstellung,0,Electronics
Sharp,5905683270717,32GD2225E,32GD2225E,32 Zoll HD Ready Roku Smart TV – rahmenloser Fernseher mit HDR10 & HLG,139.00,https://shop.sharpconsumer.de/products/32gd2225e-32-zoll-fernseher-smart-tv-81-cm-roku-tv-hdr10-dreifach-tuner-dvb-t2-c-s2-3x-hdmi-usb-wlan,1,Electronics
Sharp,5903802469851,43FD2E,43FD2E,43 Zoll Full HD Roku Smart TV – rahmenloser Fernseher mit HDR10 & AV1-Codec,229.00,https://shop.sharpconsumer.de/products/43fd2e-43-zoll-fernseher-full-hd-roku-smart-tv-rahmenloses-design-hdr10-wlan-led-hintergrundbeleuchtung,1,Electronics
Sharp,4974019117560,HT-SBW460,HT-SBW460,3.1 Dolby Atmos Soundbar – 440W Soundbar mit HDMI eARC & kabellosem Subwoofer,219.00,https://shop.sharpconsumer.de/products/ht-sbw460-3-1-dolby-atmos-soundbar-mit-kabellosem-subwoofer-4k-uhd-pass-through-virtueller-3d-surround-sound,0,Electronics
Sharp,4974019143279,HT-SBW182,HT-SBW182,2.1 Soundbar – 160W Soundbar mit HDMI ARC & kabellosem Subwoofer,119.00,https://shop.sharpconsumer.de/products/ht-sbw182-2-1-slim-soundbar-system-mit-drahtlosem-subwoofer-160w-hdmi-arc-cec-bluetooth-fur-tvs-ab-32-zoll,0,Electronics
Sharp,4974019172019,HT-SB147,HT-SB147,2.0 Soundbar – 150W Soundbar mit HDMI ARC & Bluetooth 4.2,79.99,https://shop.sharpconsumer.de/products/ht-sb147-2-0-soundbar-150w-leistung-hdmi-arc-cec-bluetooth-digitaler-optischer-eingang-fur-tvs-ab-40-zoll,1,Electronics
Sharp,4974019952659,HT-SB110,HT-SB110,2.0 Slim Soundbar – 90W mit Bluetooth & HDMI ARC,64.99,https://shop.sharpconsumer.de/products/ht-sb110-2-0-slim-soundbar-90w-leistung-hdmi-arc-cec-bluetooth-digitaler-optischer-eingang,0,Electronics
Sharp,4974019172002,HT-SB107,HT-SB107,"2.0 Kompakt-Soundbar – 90W mit Bluetooth, HDMI ARC & USB",69.99,https://shop.sharpconsumer.de/products/ht-sb107-2-0-kompakte-soundbar-90w-digitaler-optischer-eingang-ideal-fur-tvs-monitore-bis-32-zoll,0,Electronics
Sharp,5905683270175,55GL4260E,55GL4260E,55 Zoll 4K Google TV – rahmenloser Fernseher mit Dolby Vision & Dolby Atmos,469.00,https://shop.sharpconsumer.de/products/55gl4260e-55-zoll-fernseher-4k-ultra-hd-google-tv-rahmenloses-design-dolby-vision-dolby-atmos-smooth-motion,0,Electronics
Sharp,5905683270182,50FQ5EG,50FQ5EG,"50 Zoll 4K QLED Google TV – rahmenloser Fernseher mit 144Hz, Dolby Vision IQ & Atmos",649.00,https://shop.sharpconsumer.de/products/50fq5eg-50-zoll-fernseher-4k-ultra-hd-quantum-dot-google-tv-144hz-harman-kardon-soundsystem-gaming-ready,0,Electronics
Sharp,4974019192420,HT-SBW202,HT-SBW202,2.1 Soundbar – 200W Soundbar mit HDMI ARC & kabellosem Subwoofer,139.00,https://shop.sharpconsumer.de/products/ht-sbw202-2-1-soundbar-mit-drahtlosem-subwoofer-200w-leistung-hdmi-arc-cec-bluetooth-4-2-fur-tvs-ab-40-zoll,0,Electronics
